{"a":"D","`":"U","c":"b","b":"G","e":"!","d":"^","g":"I","f":"&","i":"v","h":"d","k":"j","j":"V","m":"_","l":"L","o":"p","n":"|","q":"$","p":"e","s":"@","r":")","u":"9","t":"S","w":"Y","v":"u","y":".","x":"{","{":"]","z":"W","}":"f","|":"6","~":"Z","!":"m"," ":"X","#":"g","%":",","$":"J","&":"2",")":"=","(":"x","+":"#","*":"8","-":"-",",":">","/":"1",".":"h","1":";","0":"3","3":"w","2":"P","5":"K","4":"~","7":"}","6":"q","9":"`","8":"+",";":"T",":":"/","=":"0","<":"M","?":"Q",">":"?","A":"[","@":"l","C":"*","B":"t","E":"o","D":"k","G":"F","F":"R","I":"r","H":"y","K":"B","J":" ","M":"C","L":"(","O":"4","N":"c","Q":":","P":"n","S":"<","R":"i","U":"7","T":"a","W":"s","V":"A","Y":"z","X":"E","[":"H","Z":"N","]":"O","_":"5","^":"%"}