{
  "frames": [
    {
      "frame": {
        "x": 1,
        "y": 1,
        "w": 514,
        "h": 472
      },
      "rotated": false,
      "trimmed": true,
      "spriteSourceSize": {
        "x": 10,
        "y": 52,
        "w": 514,
        "h": 472
      },
      "sourceSize": {
        "w": 524,
        "h": 565
      },
      "pivot": {
        "x": 0.5,
        "y": 0.5
      },
      "filename": "Attack__005.png"
    },
    {
      "frame": {
        "x": 1,
        "y": 475,
        "w": 312,
        "h": 491
      },
      "rotated": false,
      "trimmed": true,
      "spriteSourceSize": {
        "x": 5,
        "y": 31,
        "w": 312,
        "h": 491
      },
      "sourceSize": {
        "w": 524,
        "h": 565
      },
      "pivot": {
        "x": 0.5,
        "y": 0.5
      },
      "filename": "Attack__002.png"
    },
    {
      "frame": {
        "x": 517,
        "y": 1,
        "w": 512,
        "h": 476
      },
      "rotated": false,
      "trimmed": true,
      "spriteSourceSize": {
        "x": 12,
        "y": 52,
        "w": 512,
        "h": 476
      },
      "sourceSize": {
        "w": 524,
        "h": 565
      },
      "pivot": {
        "x": 0.5,
        "y": 0.5
      },
      "filename": "Attack__006.png"
    },
    {
      "frame": {
        "x": 1,
        "y": 968,
        "w": 491,
        "h": 490
      },
      "rotated": false,
      "trimmed": true,
      "spriteSourceSize": {
        "x": 33,
        "y": 32,
        "w": 491,
        "h": 490
      },
      "sourceSize": {
        "w": 524,
        "h": 565
      },
      "pivot": {
        "x": 0.5,
        "y": 0.5
      },
      "filename": "Attack__003.png"
    },
    {
      "frame": {
        "x": 1031,
        "y": 1,
        "w": 509,
        "h": 476
      },
      "rotated": false,
      "trimmed": true,
      "spriteSourceSize": {
        "x": 15,
        "y": 52,
        "w": 509,
        "h": 476
      },
      "sourceSize": {
        "w": 524,
        "h": 565
      },
      "pivot": {
        "x": 0.5,
        "y": 0.5
      },
      "filename": "Attack__007.png"
    },
    {
      "frame": {
        "x": 1,
        "y": 1460,
        "w": 289,
        "h": 488
      },
      "rotated": false,
      "trimmed": true,
      "spriteSourceSize": {
        "x": 37,
        "y": 34,
        "w": 289,
        "h": 488
      },
      "sourceSize": {
        "w": 524,
        "h": 565
      },
      "pivot": {
        "x": 0.5,
        "y": 0.5
      },
      "filename": "Attack__001.png"
    },
    {
      "frame": {
        "x": 315,
        "y": 479,
        "w": 289,
        "h": 485
      },
      "rotated": false,
      "trimmed": true,
      "spriteSourceSize": {
        "x": 45,
        "y": 37,
        "w": 289,
        "h": 485
      },
      "sourceSize": {
        "w": 524,
        "h": 565
      },
      "pivot": {
        "x": 0.5,
        "y": 0.5
      },
      "filename": "Attack__000.png"
    },
    {
      "frame": {
        "x": 1542,
        "y": 1,
        "w": 487,
        "h": 482
      },
      "rotated": false,
      "trimmed": true,
      "spriteSourceSize": {
        "x": 37,
        "y": 40,
        "w": 487,
        "h": 482
      },
      "sourceSize": {
        "w": 524,
        "h": 565
      },
      "pivot": {
        "x": 0.5,
        "y": 0.5
      },
      "filename": "Attack__004.png"
    },
    {
      "frame": {
        "x": 292,
        "y": 1460,
        "w": 367,
        "h": 480
      },
      "rotated": false,
      "trimmed": true,
      "spriteSourceSize": {
        "x": 46,
        "y": 42,
        "w": 367,
        "h": 480
      },
      "sourceSize": {
        "w": 524,
        "h": 565
      },
      "pivot": {
        "x": 0.5,
        "y": 0.5
      },
      "filename": "Attack__009.png"
    },
    {
      "frame": {
        "x": 494,
        "y": 966,
        "w": 394,
        "h": 474
      },
      "rotated": false,
      "trimmed": true,
      "spriteSourceSize": {
        "x": 26,
        "y": 48,
        "w": 394,
        "h": 474
      },
      "sourceSize": {
        "w": 524,
        "h": 565
      },
      "pivot": {
        "x": 0.5,
        "y": 0.5
      },
      "filename": "Attack__008.png"
    }
  ],
  "meta": {
    "app": "http://free-tex-packer.com/",
    "version": "0.2.4",
    "image": "ninjaGirlAttack.png",
    "format": "RGBA8888",
    "size": {
      "w": 2030,
      "h": 1949
    },
    "scale": 1
  }
}