{
  "frames": [
    {
      "frame": {
        "x": 1,
        "y": 1,
        "w": 71,
        "h": 124
      },
      "rotated": false,
      "trimmed": true,
      "spriteSourceSize": {
        "x": 28,
        "y": 2,
        "w": 71,
        "h": 124
      },
      "sourceSize": {
        "w": 128,
        "h": 128
      },
      "pivot": {
        "x": 0.5,
        "y": 0.5
      },
      "filename": "11.png"
    },
    {
      "frame": {
        "x": 1,
        "y": 127,
        "w": 111,
        "h": 124
      },
      "rotated": false,
      "trimmed": true,
      "spriteSourceSize": {
        "x": 11,
        "y": 2,
        "w": 111,
        "h": 124
      },
      "sourceSize": {
        "w": 128,
        "h": 128
      },
      "pivot": {
        "x": 0.5,
        "y": 0.5
      },
      "filename": "14.png"
    },
    {
      "frame": {
        "x": 1,
        "y": 253,
        "w": 115,
        "h": 121
      },
      "rotated": false,
      "trimmed": true,
      "spriteSourceSize": {
        "x": 6,
        "y": 2,
        "w": 115,
        "h": 121
      },
      "sourceSize": {
        "w": 128,
        "h": 128
      },
      "pivot": {
        "x": 0.5,
        "y": 0.5
      },
      "filename": "03.png"
    },
    {
      "frame": {
        "x": 74,
        "y": 1,
        "w": 101,
        "h": 118
      },
      "rotated": false,
      "trimmed": true,
      "spriteSourceSize": {
        "x": 12,
        "y": 6,
        "w": 101,
        "h": 118
      },
      "sourceSize": {
        "w": 128,
        "h": 128
      },
      "pivot": {
        "x": 0.5,
        "y": 0.5
      },
      "filename": "15.png"
    },
    {
      "frame": {
        "x": 1,
        "y": 376,
        "w": 101,
        "h": 114
      },
      "rotated": false,
      "trimmed": true,
      "spriteSourceSize": {
        "x": 9,
        "y": 3,
        "w": 101,
        "h": 114
      },
      "sourceSize": {
        "w": 128,
        "h": 128
      },
      "pivot": {
        "x": 0.5,
        "y": 0.5
      },
      "filename": "02.png"
    },
    {
      "frame": {
        "x": 114,
        "y": 121,
        "w": 89,
        "h": 114
      },
      "rotated": false,
      "trimmed": true,
      "spriteSourceSize": {
        "x": 17,
        "y": 2,
        "w": 89,
        "h": 114
      },
      "sourceSize": {
        "w": 128,
        "h": 128
      },
      "pivot": {
        "x": 0.5,
        "y": 0.5
      },
      "filename": "07.png"
    },
    {
      "frame": {
        "x": 1,
        "y": 492,
        "w": 104,
        "h": 113
      },
      "rotated": false,
      "trimmed": true,
      "spriteSourceSize": {
        "x": 11,
        "y": 1,
        "w": 104,
        "h": 113
      },
      "sourceSize": {
        "w": 128,
        "h": 128
      },
      "pivot": {
        "x": 0.5,
        "y": 0.5
      },
      "filename": "08.png"
    },
    {
      "frame": {
        "x": 118,
        "y": 237,
        "w": 95,
        "h": 113
      },
      "rotated": false,
      "trimmed": true,
      "spriteSourceSize": {
        "x": 21,
        "y": 3,
        "w": 95,
        "h": 113
      },
      "sourceSize": {
        "w": 128,
        "h": 128
      },
      "pivot": {
        "x": 0.5,
        "y": 0.5
      },
      "filename": "10.png"
    },
    {
      "frame": {
        "x": 177,
        "y": 1,
        "w": 114,
        "h": 112
      },
      "rotated": false,
      "trimmed": true,
      "spriteSourceSize": {
        "x": 5,
        "y": 6,
        "w": 114,
        "h": 112
      },
      "sourceSize": {
        "w": 128,
        "h": 128
      },
      "pivot": {
        "x": 0.5,
        "y": 0.5
      },
      "filename": "04.png"
    },
    {
      "frame": {
        "x": 1,
        "y": 607,
        "w": 117,
        "h": 110
      },
      "rotated": false,
      "trimmed": true,
      "spriteSourceSize": {
        "x": 2,
        "y": 5,
        "w": 117,
        "h": 110
      },
      "sourceSize": {
        "w": 128,
        "h": 128
      },
      "pivot": {
        "x": 0.5,
        "y": 0.5
      },
      "filename": "13.png"
    },
    {
      "frame": {
        "x": 104,
        "y": 376,
        "w": 118,
        "h": 110
      },
      "rotated": false,
      "trimmed": true,
      "spriteSourceSize": {
        "x": 2,
        "y": 5,
        "w": 118,
        "h": 110
      },
      "sourceSize": {
        "w": 128,
        "h": 128
      },
      "pivot": {
        "x": 0.5,
        "y": 0.5
      },
      "filename": "16.png"
    },
    {
      "frame": {
        "x": 205,
        "y": 115,
        "w": 85,
        "h": 106
      },
      "rotated": false,
      "trimmed": true,
      "spriteSourceSize": {
        "x": 17,
        "y": 5,
        "w": 85,
        "h": 106
      },
      "sourceSize": {
        "w": 128,
        "h": 128
      },
      "pivot": {
        "x": 0.5,
        "y": 0.5
      },
      "filename": "09.png"
    },
    {
      "frame": {
        "x": 293,
        "y": 1,
        "w": 112,
        "h": 84
      },
      "rotated": false,
      "trimmed": true,
      "spriteSourceSize": {
        "x": 5,
        "y": 20,
        "w": 112,
        "h": 84
      },
      "sourceSize": {
        "w": 128,
        "h": 128
      },
      "pivot": {
        "x": 0.5,
        "y": 0.5
      },
      "filename": "06.png"
    },
    {
      "frame": {
        "x": 1,
        "y": 719,
        "w": 93,
        "h": 105
      },
      "rotated": false,
      "trimmed": true,
      "spriteSourceSize": {
        "x": 11,
        "y": 5,
        "w": 93,
        "h": 105
      },
      "sourceSize": {
        "w": 128,
        "h": 128
      },
      "pivot": {
        "x": 0.5,
        "y": 0.5
      },
      "filename": "01.png"
    },
    {
      "frame": {
        "x": 107,
        "y": 488,
        "w": 94,
        "h": 96
      },
      "rotated": false,
      "trimmed": true,
      "spriteSourceSize": {
        "x": 18,
        "y": 11,
        "w": 94,
        "h": 96
      },
      "sourceSize": {
        "w": 128,
        "h": 128
      },
      "pivot": {
        "x": 0.5,
        "y": 0.5
      },
      "filename": "12.png"
    },
    {
      "frame": {
        "x": 215,
        "y": 223,
        "w": 105,
        "h": 78
      },
      "rotated": false,
      "trimmed": true,
      "spriteSourceSize": {
        "x": 6,
        "y": 15,
        "w": 105,
        "h": 78
      },
      "sourceSize": {
        "w": 128,
        "h": 128
      },
      "pivot": {
        "x": 0.5,
        "y": 0.5
      },
      "filename": "05.png"
    }
  ],
  "meta": {
    "app": "http://free-tex-packer.com/",
    "version": "0.2.4",
    "image": "slots.png",
    "format": "RGBA8888",
    "size": {
      "w": 406,
      "h": 825
    },
    "scale": 1
  }
}