<textureatlas xmlns="http://www.w3.org/1999/xhtml" imagepath="slots.png"><subtexture name="01" x="0" y="129" width="128" height="128"></subtexture><subtexture name="02" x="258" y="258" width="128" height="128"></subtexture><subtexture name="03" x="129" y="0" width="128" height="128"></subtexture><subtexture name="04" x="129" y="129" width="128" height="128"></subtexture><subtexture name="05" x="0" y="258" width="128" height="128"></subtexture><subtexture name="06" x="129" y="258" width="128" height="128"></subtexture><subtexture name="07" x="258" y="0" width="128" height="128"></subtexture><subtexture name="08" x="258" y="129" width="128" height="128"></subtexture><subtexture name="09" x="0" y="0" width="128" height="128"></subtexture><subtexture name="10" x="0" y="387" width="128" height="128"></subtexture><subtexture name="11" x="129" y="387" width="128" height="128"></subtexture><subtexture name="12" x="258" y="387" width="128" height="128"></subtexture><subtexture name="13" x="387" y="0" width="128" height="128"></subtexture><subtexture name="14" x="387" y="129" width="128" height="128"></subtexture><subtexture name="15" x="387" y="258" width="128" height="128"></subtexture><subtexture name="16" x="387" y="387" width="128" height="128"></subtexture></textureatlas>