[{"configName":"dummy","minRadius":19.77,"maxRadius":99.67,"maxRadiusVariance":311,"tangentialAcceleration":-320.47,"emitterType":0,"radialAcceleration":205.96,"rotatePerSecondVariance":104.53,"speed":91.43,"angle":263.77,"finishColorRed":0.9,"startColorVarianceBlue":0.21,"startParticleSize":62.64,"angleVariance":286.54,"rotationEnd":188.89,"startColorBlue":0.06,"yCoordFlipped":1,"textureFileName":"images/particles/particle01.png","_locked":true,"startColorVarianceGreen":0.64,"finishColorVarianceRed":0.87,"gravityy":0,"rotationEndVariance":122.47,"finishParticleSizeVariance":26.71,"speedVariance":269.62,"finishColorVarianceAlpha":0.9,"startColorRed":0.85,"maxParticles":852,"rotationStartVariance":151.51,"startColorVarianceAlpha":0.92,"startParticleSizeVariance":13.53,"startColorVarianceRed":0.72,"rotatePerSecond":134.73,"tangentialAccelVariance":127.29,"particleLifespan":9.25,"finishColorVarianceBlue":0.63,"finishColorVarianceGreen":0.93,"blendFuncSource":770,"finishColorGreen":0.25,"particleLifespanVariance":8.91,"radialAccelVariance":490.73,"sourcePositionVariancey":0,"startColorAlpha":0.41,"blendFuncDestination":1,"rotationStart":241.24,"finishColorBlue":0.86,"finishParticleSize":41.21,"duration":-1,"gravityx":0,"minRadiusVariance":0,"sourcePositionVariancex":0,"startColorGreen":0.96,"finishColorAlpha":0.47},{"configName":"dummy","minRadius":0,"maxRadius":100,"maxRadiusVariance":0,"tangentialAcceleration":0,"emitterType":0,"radialAcceleration":0,"rotatePerSecondVariance":0,"speed":100,"angle":270,"finishColorRed":1,"startColorVarianceBlue":0,"startParticleSize":70,"angleVariance":2,"rotationEnd":0,"startColorBlue":0,"yCoordFlipped":1,"textureFileName":"images/particles/particle01.png","_locked":true,"startColorVarianceGreen":0,"finishColorVarianceRed":0,"gravityy":0,"rotationEndVariance":0,"finishParticleSizeVariance":5,"speedVariance":30,"finishColorVarianceAlpha":0,"startColorRed":1,"maxParticles":500,"rotationStartVariance":0,"startColorVarianceAlpha":0,"startParticleSizeVariance":49.53,"startColorVarianceRed":0,"rotatePerSecond":0,"tangentialAccelVariance":0,"particleLifespan":2,"finishColorVarianceBlue":0,"finishColorVarianceGreen":0,"blendFuncSource":770,"finishColorGreen":0.31,"particleLifespanVariance":1.9,"radialAccelVariance":0,"sourcePositionVariancey":0,"startColorAlpha":0.62,"blendFuncDestination":1,"rotationStart":0,"finishColorBlue":0,"finishParticleSize":10,"duration":-1,"gravityx":0,"minRadiusVariance":0,"sourcePositionVariancex":0,"startColorGreen":0.31,"finishColorAlpha":0},{"configName":"dummy","minRadius":66,"maxRadius":0,"maxRadiusVariance":91.33,"tangentialAcceleration":0,"emitterType":1,"radialAcceleration":0,"rotatePerSecondVariance":68.82,"speed":100,"angle":270,"finishColorRed":1,"startColorVarianceBlue":0,"startParticleSize":70,"angleVariance":2,"rotationEnd":101.12,"startColorBlue":0,"yCoordFlipped":1,"textureFileName":"images/particles/particle01.png","_locked":true,"startColorVarianceGreen":0,"finishColorVarianceRed":0,"gravityy":0,"rotationEndVariance":222.35,"finishParticleSizeVariance":26.67,"speedVariance":30,"finishColorVarianceAlpha":0,"startColorRed":1,"maxParticles":705,"rotationStartVariance":0,"startColorVarianceAlpha":0,"startParticleSizeVariance":49.53,"startColorVarianceRed":0,"rotatePerSecond":129.44,"tangentialAccelVariance":0,"particleLifespan":2,"finishColorVarianceBlue":0,"finishColorVarianceGreen":0,"blendFuncSource":770,"finishColorGreen":0.31,"particleLifespanVariance":1.9,"radialAccelVariance":0,"sourcePositionVariancey":0,"startColorAlpha":0.62,"blendFuncDestination":1,"rotationStart":0,"finishColorBlue":0,"finishParticleSize":10,"duration":-1,"gravityx":0,"minRadiusVariance":0,"sourcePositionVariancex":0,"startColorGreen":0.31,"finishColorAlpha":0},{"configName":"dummy","minRadius":12.14,"maxRadius":292.47,"maxRadiusVariance":319.33,"tangentialAcceleration":-254.14,"emitterType":1,"radialAcceleration":78.99,"rotatePerSecondVariance":125.11,"speed":498.82,"angle":80.83,"finishColorRed":0.59,"startColorVarianceBlue":0.17,"startParticleSize":28.48,"angleVariance":23.25,"rotationEnd":79.04,"startColorBlue":0.88,"yCoordFlipped":1,"textureFileName":"images/particles/particle01.png","_locked":true,"startColorVarianceGreen":0.34,"finishColorVarianceRed":0.86,"gravityy":0,"rotationEndVariance":322.92,"finishParticleSizeVariance":0.36,"speedVariance":99.04,"finishColorVarianceAlpha":0.62,"startColorRed":0.51,"maxParticles":551,"rotationStartVariance":58.25,"startColorVarianceAlpha":0.2,"startParticleSizeVariance":61.52,"startColorVarianceRed":0.1,"rotatePerSecond":-200.94,"tangentialAccelVariance":61.37,"particleLifespan":3.97,"finishColorVarianceBlue":0.95,"finishColorVarianceGreen":0.4,"blendFuncSource":770,"finishColorGreen":0.92,"particleLifespanVariance":4.98,"radialAccelVariance":321.29,"sourcePositionVariancey":0,"startColorAlpha":0.12,"blendFuncDestination":1,"rotationStart":178.75,"finishColorBlue":0.38,"finishParticleSize":41.18,"duration":-1,"gravityx":0,"minRadiusVariance":0,"sourcePositionVariancex":0,"startColorGreen":0.44,"finishColorAlpha":0.42},{"configName":"dummy","minRadius":0,"maxRadius":100,"maxRadiusVariance":0,"tangentialAcceleration":0,"emitterType":0,"radialAcceleration":0,"rotatePerSecondVariance":0,"speed":0,"maxParticles":755,"finishColorRed":1,"startColorVarianceBlue":0,"startParticleSize":70,"angleVariance":360,"rotationEnd":0,"startColorBlue":0,"yCoordFlipped":1,"textureFileName":"images/particles/particle01.png","_locked":true,"gravityy":60,"finishColorVarianceRed":0,"startColorVarianceGreen":0,"startParticleSizeVariance":49.53,"finishParticleSizeVariance":5,"sourcePositionVariancex":0,"finishColorVarianceAlpha":0,"minRadiusVariance":0,"angle":360,"rotationStartVariance":0,"duration":-1,"rotationEndVariance":0,"startColorVarianceRed":0,"tangentialAccelVariance":0,"rotatePerSecond":0,"rotationStart":0,"finishColorVarianceBlue":0,"blendFuncDestination":1,"startColorAlpha":0.62,"finishColorGreen":1,"particleLifespanVariance":1.9,"blendFuncSource":770,"sourcePositionVariancey":0,"radialAccelVariance":0,"finishColorVarianceGreen":0,"particleLifespan":2,"finishColorBlue":0,"finishParticleSize":10,"startColorVarianceAlpha":0,"gravityx":0,"startColorRed":1,"speedVariance":30,"startColorGreen":0,"finishColorAlpha":0},{"configName":"dummy","minRadius":42.22,"maxRadius":91.6,"maxRadiusVariance":67.29,"tangentialAcceleration":-0.63,"emitterType":1,"radialAcceleration":61.89,"rotatePerSecondVariance":21.99,"speed":10.18,"angle":360,"finishColorRed":0.918149358,"minRadiusVariance":10.73,"startParticleSize":58.61,"angleVariance":360,"rotationEnd":297,"startColorBlue":0.745048372,"yCoordFlipped":1,"textureFileName":"images/particles/particle01.png","_locked":true,"startColorVarianceGreen":0.613666189,"finishColorVarianceRed":0.286080508,"gravityy":67.59,"rotationEndVariance":302,"finishParticleSizeVariance":7.31,"speedVariance":63.73,"finishColorVarianceAlpha":0.569841609,"startColorRed":0.954466384,"maxParticles":235,"rotationStartVariance":101,"startColorVarianceAlpha":0.757255776,"startParticleSizeVariance":48.76,"startColorVarianceRed":0.905728325,"rotatePerSecond":40.2,"tangentialAccelVariance":87.39,"particleLifespan":6.72,"finishColorVarianceBlue":0.503128147,"finishColorVarianceGreen":0.742881558,"radialAccelVariance":7.68,"finishColorGreen":0.892452773,"particleLifespanVariance":9.6,"blendFuncSource":770,"sourcePositionVariancey":0,"startColorAlpha":0.990020448,"blendFuncDestination":1,"rotationStart":93,"finishColorBlue":0.403210547,"finishParticleSize":19.32,"duration":-1,"gravityx":6.57,"startColorVarianceBlue":0.706503495,"sourcePositionVariancex":0,"startColorGreen":0.348857082,"finishColorAlpha":0.247596667},{"configName":"dummy","minRadius":19.77,"maxRadius":99.67,"maxRadiusVariance":311,"tangentialAcceleration":-320.47,"emitterType":1,"radialAcceleration":205.96,"startColorVarianceAlpha":0.92,"speed":91.43,"maxParticles":195,"finishColorRed":0.9,"startColorVarianceBlue":0.21,"startParticleSize":62.64,"angleVariance":360,"rotationEnd":188.89,"startColorBlue":0.06,"yCoordFlipped":1,"textureFileName":"images/particles/particle36.png","_locked":true,"startColorVarianceGreen":0.64,"finishColorVarianceRed":0.87,"finishColorAlpha":0.47,"gravityy":0,"startParticleSizeVariance":13.53,"sourcePositionVariancex":0,"startColorRed":0.85,"finishColorVarianceAlpha":0.9,"minRadiusVariance":0,"rotatePerSecondVariance":104.53,"rotationStartVariance":151.51,"duration":-1,"rotationEndVariance":122.47,"startColorVarianceRed":0.72,"rotationStart":241.24,"rotatePerSecond":134.73,"blendFuncDestination":1,"finishColorVarianceBlue":0.63,"startColorAlpha":0.41,"radialAccelVariance":490.73,"finishColorGreen":0.25,"particleLifespanVariance":8.91,"blendFuncSource":770,"sourcePositionVariancey":0,"particleLifespan":9.25,"finishColorVarianceGreen":0.93,"tangentialAccelVariance":127.29,"finishColorBlue":0.86,"finishParticleSize":41.21,"angle":360,"gravityx":0,"finishParticleSizeVariance":26.71,"speedVariance":269.62,"startColorGreen":0.96,"_brushNum":36},{"configName":"dummy","minRadius":17.54,"maxRadius":21.03,"duration":-1,"tangentialAcceleration":85.62,"emitterType":1,"radialAcceleration":4.58,"rotatePerSecondVariance":1.89,"speed":-49.35,"angle":360,"finishColorRed":0.40375988,"minRadiusVariance":48.52,"startParticleSize":45.84,"angleVariance":360,"rotationEnd":348,"startColorBlue":0.442732017,"yCoordFlipped":1,"textureFileName":"images/particles/particle18.png","_locked":true,"gravityy":50.85,"finishColorVarianceRed":0.387981811,"finishColorAlpha":0.757530442,"startColorVarianceGreen":0.274422437,"rotationEndVariance":28,"speedVariance":15.79,"startColorRed":0.99038667,"finishColorVarianceAlpha":0.398632771,"startColorVarianceBlue":0.013824884,"startColorVarianceAlpha":0.398327586,"rotationStartVariance":100,"maxRadiusVariance":96.43,"startParticleSizeVariance":12.73,"startColorVarianceRed":0.124515518,"particleLifespan":2.86,"tangentialAccelVariance":-7.42,"finishColorVarianceGreen":0.995117039,"finishColorVarianceBlue":0.915585803,"startColorAlpha":0.717154454,"radialAccelVariance":24.94,"finishColorGreen":0.38370922,"particleLifespanVariance":0.67,"blendFuncSource":770,"sourcePositionVariancey":0,"rotationStart":140,"blendFuncDestination":1,"rotatePerSecond":6.09,"finishColorBlue":0.572344127,"finishParticleSize":95.19,"maxParticles":457,"gravityx":82.28,"finishParticleSizeVariance":41.91,"sourcePositionVariancex":0,"startColorGreen":0.664845729,"_brushNum":18},{"configName":"dummy","minRadius":0,"maxRadius":100,"maxRadiusVariance":0,"tangentialAcceleration":0,"emitterType":0,"radialAcceleration":0,"rotatePerSecondVariance":0,"speed":0,"angle":29.68,"finishColorRed":1,"minRadiusVariance":0,"startParticleSize":70,"angleVariance":18.52,"rotationEnd":0,"startColorBlue":0,"yCoordFlipped":1,"textureFileName":"images/particles/particle01.png","_locked":true,"startColorVarianceGreen":0,"finishColorVarianceRed":0,"gravityy":60,"rotationEndVariance":0,"finishParticleSizeVariance":5,"speedVariance":30,"finishColorVarianceAlpha":0,"startColorRed":1,"maxParticles":205,"rotationStartVariance":0,"startColorVarianceAlpha":0,"startParticleSizeVariance":49.53,"startColorVarianceRed":0,"rotatePerSecond":0,"tangentialAccelVariance":0,"particleLifespan":2,"finishColorVarianceBlue":0,"finishColorVarianceGreen":0,"radialAccelVariance":0,"finishColorGreen":0.31,"particleLifespanVariance":1.9,"blendFuncSource":770,"sourcePositionVariancey":82,"startColorAlpha":0.62,"blendFuncDestination":1,"rotationStart":0,"finishColorBlue":0,"finishParticleSize":10,"duration":-1,"gravityx":0,"startColorVarianceBlue":0,"sourcePositionVariancex":63,"startColorGreen":0.31,"finishColorAlpha":0},{"configName":"dummy","minRadius":22.27,"maxRadius":92.23,"maxRadiusVariance":25.19,"tangentialAcceleration":3.09,"emitterType":1,"radialAcceleration":21.26,"startColorVarianceAlpha":0.209204382,"speed":56.59,"maxParticles":74,"finishColorRed":0.388042848,"startColorVarianceBlue":0.080202642,"startParticleSize":19.09,"angleVariance":360,"rotationEnd":22,"startColorBlue":0.818048647,"yCoordFlipped":1,"textureFileName":"images/particles/particle33.png","_locked":true,"startColorVarianceGreen":0.808740501,"finishColorVarianceRed":0.943937499,"finishColorAlpha":0.558519242,"gravityy":81.01,"startParticleSizeVariance":9.82,"sourcePositionVariancex":0,"startColorRed":0.297311319,"finishColorVarianceAlpha":0.875270852,"minRadiusVariance":30.22,"rotatePerSecondVariance":39.19,"rotationStartVariance":248,"duration":-1,"rotationEndVariance":228,"startColorVarianceRed":0.124240852,"rotationStart":321,"rotatePerSecond":3.22,"blendFuncDestination":1,"finishColorVarianceBlue":0.15192114,"startColorAlpha":0.961577197,"radialAccelVariance":-69.77,"finishColorGreen":0.306222724,"particleLifespanVariance":0.8,"blendFuncSource":770,"sourcePositionVariancey":0,"particleLifespan":3.87,"finishColorVarianceGreen":0.203161717,"tangentialAccelVariance":41.77,"finishColorBlue":0.901272622,"finishParticleSize":7.71,"angle":360,"gravityx":56.08,"finishParticleSizeVariance":29.7,"speedVariance":48.55,"startColorGreen":0.455061495,"_brushNum":33},{"configName":"dummy","minRadius":22.27,"maxRadius":92.23,"duration":-1,"tangentialAcceleration":3.09,"emitterType":1,"radialAcceleration":21.26,"rotatePerSecondVariance":39.19,"speed":56.59,"maxParticles":74,"finishColorRed":1,"minRadiusVariance":30.22,"startParticleSize":19.09,"angleVariance":360,"rotationEnd":22,"startColorBlue":0,"yCoordFlipped":1,"textureFileName":"images/particles/particle34.png","_locked":true,"startColorVarianceGreen":0.015686275,"finishColorVarianceRed":0.003921569,"_brushNum":34,"gravityy":81.01,"rotationEndVariance":228,"speedVariance":48.55,"finishParticleSizeVariance":29.7,"finishColorVarianceAlpha":0.780816065,"startColorVarianceBlue":0.015686275,"angle":360,"rotationStartVariance":248,"maxRadiusVariance":25.19,"startParticleSizeVariance":9.82,"startColorVarianceRed":0.011764706,"tangentialAccelVariance":41.77,"rotatePerSecond":3.22,"finishColorVarianceGreen":0.007843137,"finishColorVarianceBlue":0.019607843,"particleLifespan":3.87,"blendFuncSource":770,"finishColorGreen":0.576470588,"particleLifespanVariance":0.8,"radialAccelVariance":-69.77,"sourcePositionVariancey":0,"startColorAlpha":0.467787713,"blendFuncDestination":1,"rotationStart":321,"finishColorBlue":0.525490196,"finishParticleSize":7.71,"startColorVarianceAlpha":0.259224219,"gravityx":56.08,"startColorRed":0.529411765,"sourcePositionVariancex":0,"startColorGreen":0.090196078,"finishColorAlpha":0.742820521}]