[
	{"x":0,"y":0,"type":"wall"},
	{"x":32,"y":0,"type":"wall"},
	{"x":64,"y":0,"type":"wall"},
	{"x":96,"y":0,"type":"wall"},
	{"x":128,"y":0,"type":"wall"},
	{"x":160,"y":0,"type":"wall"},
	{"x":192,"y":0,"type":"wall"},
	{"x":224,"y":0,"type":"wall"},
	{"x":256,"y":0,"type":"wall"},
	{"x":288,"y":0,"type":"wall"},
	{"x":0,"y":32,"type":"wall"},
	{"x":32,"y":32,"type":"floor"},
	{"x":64,"y":32,"type":"floor"},
	{"x":96,"y":32,"type":"floor"},
	{"x":128,"y":32,"type":"wall"},
	{"x":160,"y":32,"type":"wall"},
	{"x":192,"y":32,"type":"floor"},
	{"x":224,"y":32,"type":"gem"},
	{"x":224,"y":32,"type":"floor"},
	{"x":256,"y":32,"type":"floor"},
	{"x":288,"y":32,"type":"wall"},
	{"x":0,"y":64,"type":"wall"},
	{"x":32,"y":64,"type":"floor"},
	{"x":64,"y":64,"type":"wall"},
	{"x":96,"y":64,"type":"gem"},
	{"x":96,"y":64,"type":"floor"},
	{"x":128,"y":64,"type":"floor"},
	{"x":160,"y":64,"type":"floor"},
	{"x":192,"y":64,"type":"floor"},
	{"x":224,"y":64,"type":"wall"},
	{"x":256,"y":64,"type":"floor"},
	{"x":288,"y":64,"type":"wall"},
	{"x":0,"y":96,"type":"wall"},
	{"x":32,"y":96,"type":"gem"},
	{"x":32,"y":96,"type":"floor"},
	{"x":64,"y":96,"type":"floor"},
	{"x":96,"y":96,"type":"floor"},
	{"x":128,"y":96,"type":"floor"},
	{"x":160,"y":96,"type":"wall"},
	{"x":192,"y":96,"type":"player"},
	{"x":192,"y":96,"type":"floor"},
	{"x":224,"y":96,"type":"wall"},
	{"x":256,"y":96,"type":"floor"},
	{"x":288,"y":96,"type":"wall"},
	{"x":0,"y":128,"type":"wall"},
	{"x":32,"y":128,"type":"floor"},
	{"x":64,"y":128,"type":"wall"},
	{"x":96,"y":128,"type":"wall"},
	{"x":128,"y":128,"type":"floor"},
	{"x":160,"y":128,"type":"wall"},
	{"x":192,"y":128,"type":"floor"},
	{"x":224,"y":128,"type":"floor"},
	{"x":256,"y":128,"type":"gem"},
	{"x":256,"y":128,"type":"floor"},
	{"x":288,"y":128,"type":"wall"},
	{"x":0,"y":160,"type":"wall"},
	{"x":32,"y":160,"type":"floor"},
	{"x":64,"y":160,"type":"wall"},
	{"x":96,"y":160,"type":"floor"},
	{"x":128,"y":160,"type":"floor"},
	{"x":160,"y":160,"type":"floor"},
	{"x":192,"y":160,"type":"floor"},
	{"x":224,"y":160,"type":"wall"},
	{"x":256,"y":160,"type":"wall"},
	{"x":288,"y":160,"type":"wall"},
	{"x":0,"y":192,"type":"wall"},
	{"x":32,"y":192,"type":"floor"},
	{"x":64,"y":192,"type":"wall"},
	{"x":96,"y":192,"type":"gem"},
	{"x":96,"y":192,"type":"floor"},
	{"x":128,"y":192,"type":"wall"},
	{"x":160,"y":192,"type":"wall"},
	{"x":192,"y":192,"type":"floor"},
	{"x":224,"y":192,"type":"wall"},
	{"x":0,"y":224,"type":"wall"},
	{"x":32,"y":224,"type":"floor"},
	{"x":64,"y":224,"type":"floor"},
	{"x":96,"y":224,"type":"floor"},
	{"x":128,"y":224,"type":"floor"},
	{"x":160,"y":224,"type":"floor"},
	{"x":192,"y":224,"type":"floor"},
	{"x":224,"y":224,"type":"wall"},
	{"x":0,"y":256,"type":"wall"},
	{"x":32,"y":256,"type":"wall"},
	{"x":64,"y":256,"type":"wall"},
	{"x":96,"y":256,"type":"wall"},
	{"x":128,"y":256,"type":"wall"},
	{"x":160,"y":256,"type":"wall"},
	{"x":192,"y":256,"type":"gem"},
	{"x":192,"y":256,"type":"floor"},
	{"x":224,"y":256,"type":"wall"},
	{"x":160,"y":288,"type":"wall"},
	{"x":192,"y":288,"type":"wall"},
	{"x":224,"y":288,"type":"wall"},
]