{
	"Snow":[ 1, 0.98, 0.98 ],
	"Snow2":[ 0.93, 0.91, 0.91 ],
	"Snow3":[ 0.8, 0.79, 0.79 ],
	"Snow4":[ 0.55, 0.54, 0.54 ],
	"GhostWhite":[ 0.97, 0.97, 1 ],
	"WhiteSmoke":[ 0.96, 0.96, 0.96 ],
	"Gainsboro":[ 0.86, 0.86, 0.86 ],
	"FloralWhite":[ 1, 0.98, 0.94 ],
	"OldLace":[ 0.99, 0.96, 0.9 ],
	"Linen":[ 0.94, 0.94, 0.9 ],
	"AntiqueWhite":[ 0.98, 0.92, 0.84 ],
	"AntiqueWhite2":[ 0.93, 0.87, 0.8 ],
	"AntiqueWhite3":[ 0.8, 0.75, 0.69 ],
	"AntiqueWhite4":[ 0.55, 0.51, 0.47 ],
	"PapayaWhip":[ 1, 0.94, 0.84 ],
	"BlanchedAlmond":[ 1, 0.92, 0.8 ],
	"Bisque":[ 1, 0.89, 0.77 ],
	"Bisque2":[ 0.93, 0.84, 0.72 ],
	"Bisque3":[ 0.8, 0.72, 0.62 ],
	"Bisque4":[ 0.55, 0.49, 0.42 ],
	"PeachPuff":[ 1, 0.85, 0.73 ],
	"PeachPuff2":[ 0.93, 0.8, 0.68 ],
	"PeachPuff3":[ 0.8, 0.69, 0.58 ],
	"PeachPuff4":[ 0.55, 0.47, 0.4 ],
	"NavajoWhite":[ 1, 0.87, 0.68 ],
	"Moccasin":[ 1, 0.89, 0.71 ],
	"Cornsilk":[ 1, 0.97, 0.86 ],
	"Cornsilk2":[ 0.93, 0.91, 0.8 ],
	"Cornsilk3":[ 0.8, 0.78, 0.69 ],
	"Cornsilk4":[ 0.55, 0.53, 0.47 ],
	"Ivory":[ 1, 1, 0.94 ],
	"Ivory2":[ 0.93, 0.93, 0.88 ],
	"Ivory3":[ 0.8, 0.8, 0.76 ],
	"Ivory4":[ 0.55, 0.55, 0.51 ],
	"LemonChiffon":[ 1, 0.98, 0.8 ],
	"Seashell":[ 1, 0.96, 0.93 ],
	"Seashell2":[ 0.93, 0.9, 0.87 ],
	"Seashell3":[ 0.8, 0.77, 0.75 ],
	"Seashell4":[ 0.55, 0.53, 0.51 ],
	"Honeydew":[ 0.94, 1, 0.94 ],
	"Honeydew2":[ 0.96, 0.93, 0.88 ],
	"Honeydew3":[ 0.76, 0.8, 0.76 ],
	"Honeydew4":[ 0.51, 0.55, 0.51 ],
	"MintCream":[ 0.96, 1, 0.98 ],
	"Azure":[ 0.94, 1, 1 ],
	"AliceBlue":[ 0.94, 0.97, 1 ],
	"Lavender":[ 0.9, 0.9, 0.98 ],
	"LavenderBlush":[ 1, 0.94, 0.96 ],
	"MistyRose":[ 1, 0.89, 0.88 ],
	"White":[ 1, 1, 1 ],
	"Black":[ 0, 0, 0 ],
	"DarkSlateGrey":[ 0.19, 0.31, 0.31 ],
	"DimGrey":[ 0.41, 0.41, 0.41 ],
	"SlateGrey":[ 0.44, 0.54, 0.56 ],
	"LightSlateGrey":[ 0.47, 0.53, 0.6 ],
	"Grey":[ 0.75, 0.75, 0.75 ],
	"LightGrey":[ 0.83, 0.83, 0.83 ],
	"MidnightBlue":[ 0.1, 0.1, 0.44 ],
	"Navy":[ 0, 0, 0.5 ],
	"CornflowerBlue":[ 0.39, 0.58, 0.93 ],
	"DarkslateBlue":[ 0.28, 0.24, 0.55 ],
	"SlateBlue":[ 0.42, 0.35, 0.8 ],
	"MediumSlateBlue":[ 0.48, 0.41, 0.93 ],
	"LightSlateBlue":[ 0.52, 0.44, 1 ],
	"MediumBlue":[ 0, 0, 0.8 ],
	"RoyalBlue":[ 0.25, 0.41, 0.88 ],
	"Blue":[ 0, 0, 1 ],
	"DodgerBlue":[ 0.12, 0.56, 1 ],
	"DeepSkyBlue":[ 0, 0.75, 1 ],
	"SkyBlue":[ 0.53, 0.81, 0.98 ],
	"LightSkyBlue":[ 0.53, 0.81, 0.98 ],
	"SteelBlue":[ 0.27, 0.51, 0.71 ],
	"LightSteelBlue":[ 0.69, 0.77, 0.87 ],
	"LightBlue":[ 0.68, 0.85, 0.9 ],
	"PowderBlue":[ 0.69, 0.88, 0.9 ],
	"PaleTurquoise":[ 0.69, 0.93, 0.93 ],
	"DarkTurquoise":[ 0, 0.81, 0.82 ],
	"MediumTurquoise":[ 0.28, 0.82, 0.8 ],
	"Turquoise":[ 0.25, 0.88, 0.82 ],
	"Cyan":[ 0, 1, 1 ],
	"LightCyan":[ 0.88, 1, 1 ],
	"CadetBlue":[ 0.37, 0.62, 0.63 ],
	"MediumAquamarine":[ 0.4, 0.8, 0.67 ],
	"Aquamarine":[ 0.5, 1, 0.83 ],
	"DarkGreen":[ 0, 0.39, 0 ],
	"DarkOliveGreen":[ 0.33, 0.42, 0.18 ],
	"DarkSeaGreen":[ 0.56, 0.74, 0.56 ],
	"SeaGreen":[ 0.18, 0.55, 0.34 ],
	"MediumSeaGreen":[ 0.24, 0.7, 0.44 ],
	"LightSeaGreen":[ 0.13, 0.7, 0.67 ],
	"PaleGreen":[ 0.6, 0.98, 0.6 ],
	"SpringGreen":[ 0, 1, 0.5 ],
	"LawnGreen":[ 0.49, 0.99, 0 ],
	"Chartreuse":[ 0.5, 1, 0 ],
	"MediumSpringGreen":[ 0, 0.98, 0.6 ],
	"GreenYellow":[ 0.68, 1, 0.18 ],
	"LimeGreen":[ 0.2, 0.8, 0.2 ],
	"YellowGreen":[ 0.6, 0.8, 0.2 ],
	"ForestGreen":[ 0.13, 0.55, 0.13 ],
	"OliveDrab":[ 0.42, 0.56, 0.14 ],
	"DarkKhaki":[ 0.74, 0.72, 0.42 ],
	"Khaki":[ 0.94, 0.9, 0.55 ],
	"PaleGoldenrod":[ 0.93, 0.91, 0.67 ],
	"LightGoldenRodYellow":[ 0.98, 0.98, 0.82 ],
	"LightYellow":[ 1, 1, 0.88 ],
	"Yellow":[ 1, 1, 0 ],
	"Gold":[ 1, 0.84, 0 ],
	"LightGoldenrod":[ 0.93, 0.87, 0.51 ],
	"Goldenrod":[ 0.85, 0.65, 0.13 ],
	"DarkGoldenrod":[ 0.72, 0.53, 0.04 ],
	"RosyBrown":[ 0.74, 0.56, 0.56 ],
	"IndianRed":[ 0.8, 0.36, 0.36 ],
	"SaddleBrown":[ 0.55, 0.27, 0.07 ],
	"Sienna":[ 0.63, 0.32, 0.18 ],
	"Peru":[ 0.8, 0.52, 0.25 ],
	"BurlyWood":[ 0.87, 0.72, 0.53 ],
	"Beige":[ 0.96, 0.96, 0.86 ],
	"Wheat":[ 0.96, 0.87, 0.7 ],
	"SandyBrown":[ 0.96, 0.64, 0.38 ],
	"Tan":[ 0.82, 0.71, 0.55 ],
	"Chocolate":[ 0.82, 0.41, 0.12 ],
	"Firebrick":[ 0.7, 0.13, 0.13 ],
	"Brown":[ 0.65, 0.16, 0.16 ],
	"DarkSalmon":[ 0.91, 0.59, 0.48 ],
	"Salmon":[ 0.98, 0.5, 0.45 ],
	"LightSalmon":[ 1, 0.63, 0.48 ],
	"Orange":[ 1, 0.65, 0 ],
	"DarkOrange":[ 1, 0.55, 0 ],
	"Coral":[ 1, 0.5, 0.31 ],
	"LightCoral":[ 0.94, 0.5, 0.5 ],
	"Tomato":[ 1, 0.39, 0.28 ],
	"OrangeRed":[ 1, 0.27, 0 ],
	"Red":[ 1, 0, 0 ],
	"HotPink":[ 1, 0.41, 0.71 ],
	"DeepPink":[ 1, 0.08, 0.58 ],
	"Pink":[ 1, 0.75, 0.8 ],
	"LightPink":[ 1, 0.71, 0.76 ],
	"PaleVioletRed":[ 0.86, 0.44, 0.58 ],
	"Maroon":[ 0.69, 0.19, 0.38 ],
	"MediumVioletRed":[ 0.78, 0.08, 0.52 ],
	"VioletRed":[ 0.82, 0.13, 0.56 ],
	"Violet":[ 0.93, 0.51, 0.93 ],
	"Plum":[ 0.87, 0.63, 0.87 ],
	"Orchid":[ 0.85, 0.44, 0.84 ],
	"MediumOrchid":[ 0.73, 0.33, 0.83 ],
	"DarkOrchid":[ 0.6, 0.2, 0.8 ],
	"DarkViolet":[ 0.58, 0, 0.83 ],
	"BlueViolet":[ 0.54, 0.17, 0.89 ],
	"Purple":[ 0.63, 0.13, 0.94 ],
	"MediumPurple":[ 0.58, 0.44, 0.86 ],
	"Thistle":[ 0.85, 0.75, 0.85 ]
}
