{"layout":[null,{"dx":-270,"dy":180,"setNum":2},{"dx":-270,"dy":-240,"setNum":3},{"dx":270,"dy":0,"setNum":4}],"puzzle":[{"letter":"P","set":2,"row":2,"col":2},{"letter":"X","set":3,"row":4,"col":3},{"letter":"M","set":2,"row":3,"col":3},{"letter":"Y","set":2,"row":2,"col":3},{"letter":"J","set":4,"row":3,"col":1},{"letter":"P","set":2,"row":1,"col":3},{"letter":"S","set":4,"row":2,"col":1},{"letter":"M","set":4,"row":4,"col":1},{"letter":"A","set":3,"row":3,"col":2},{"letter":"Z","set":4,"row":1,"col":1},{"letter":"I","set":3,"row":4,"col":2},{"letter":"I","set":4,"row":1,"col":2}]}