{"layout":[{"dx":420,"dy":-75,"setNum":1},null,{"dx":240,"dy":180,"setNum":3},null,{"dx":-450,"dy":-210,"setNum":5},{"dx":60,"dy":210,"setNum":6},{"dx":75,"dy":-330,"setNum":7},{"dx":-390,"dy":30,"setNum":8}],"puzzle":[{"letter":"P","set":7,"row":4,"col":1},{"letter":"D","set":1,"row":2,"col":4},{"letter":"P","set":1,"row":1,"col":3},{"letter":"W","set":7,"row":5,"col":2},{"letter":"Z","set":1,"row":1,"col":1},{"letter":"S","set":1,"row":2,"col":1},{"letter":"S","set":7,"row":5,"col":1},{"letter":"S","set":5,"row":5,"col":6},{"letter":"E","set":7,"row":4,"col":2},{"letter":"E","set":3,"row":1,"col":5},{"letter":"S","set":5,"row":3,"col":6},{"letter":"I","set":1,"row":2,"col":3},{"letter":"R","set":3,"row":2,"col":6},{"letter":"R","set":3,"row":1,"col":6},{"letter":"P","set":3,"row":1,"col":4},{"letter":"T","set":8,"row":5,"col":5},{"letter":"E","set":7,"row":5,"col":3},{"letter":"E","set":8,"row":4,"col":5},{"letter":"O","set":8,"row":3,"col":5},{"letter":"E","set":3,"row":2,"col":5},{"letter":"R","set":5,"row":4,"col":6},{"letter":"E","set":8,"row":5,"col":4},{"letter":"P","set":6,"row":4,"col":4},{"letter":"B","set":6,"row":3,"col":1},{"letter":"O","set":6,"row":3,"col":2},{"letter":"I","set":1,"row":1,"col":2},{"letter":"G","set":6,"row":3,"col":4},{"letter":"P","set":1,"row":2,"col":2},{"letter":"N","set":6,"row":3,"col":3},{"letter":"P","set":7,"row":4,"col":3}]}