{"layout":[{"dx":-300,"dy":-210,"setNum":1},{"dx":-180,"dy":210,"setNum":2},{"dx":300,"dy":-210,"setNum":3}],"puzzle":[{"letter":"E","set":1,"row":3,"col":4},{"letter":"C","set":3,"row":2,"col":1},{"letter":"E","set":1,"row":2,"col":4},{"letter":"E","set":2,"row":1,"col":2},{"letter":"L","set":1,"row":1,"col":4},{"letter":"D","set":3,"row":3,"col":3},{"letter":"O","set":2,"row":2,"col":2},{"letter":"L","set":1,"row":1,"col":3},{"letter":"U","set":3,"row":3,"col":2},{"letter":"D","set":3,"row":3,"col":1},{"letter":"W","set":2,"row":1,"col":1},{"letter":"M","set":1,"row":2,"col":3}]}