{"layout":[{"dx":-360,"dy":-195,"setNum":1},{"dx":405,"dy":-90,"setNum":2},{"dx":-435,"dy":60,"setNum":3},null,{"dx":-330,"dy":30,"setNum":5},{"dx":60,"dy":210,"setNum":6},{"dx":510,"dy":0,"setNum":7},{"dx":-90,"dy":150,"setNum":8}],"puzzle":[{"letter":"C","set":8,"row":5,"col":4},{"letter":"E","set":2,"row":2,"col":4},{"letter":"A","set":1,"row":4,"col":5},{"letter":"N","set":3,"row":1,"col":6},{"letter":"I","set":3,"row":2,"col":6},{"letter":"S","set":3,"row":2,"col":7},{"letter":"O","set":2,"row":3,"col":5},{"letter":"S","set":1,"row":3,"col":4},{"letter":"T","set":5,"row":4,"col":2},{"letter":"G","set":7,"row":5,"col":2},{"letter":"S","set":7,"row":5,"col":3},{"letter":"R","set":2,"row":2,"col":5},{"letter":"G","set":3,"row":1,"col":7},{"letter":"L","set":5,"row":4,"col":3},{"letter":"T","set":3,"row":4,"col":7},{"letter":"A","set":7,"row":4,"col":1},{"letter":"R","set":7,"row":1,"col":1},{"letter":"A","set":7,"row":3,"col":1},{"letter":"G","set":7,"row":2,"col":1},{"letter":"I","set":2,"row":1,"col":5},{"letter":"O","set":8,"row":5,"col":6},{"letter":"M","set":1,"row":2,"col":3},{"letter":"M","set":2,"row":1,"col":4},{"letter":"O","set":5,"row":1,"col":2},{"letter":"E","set":1,"row":3,"col":3},{"letter":"O","set":8,"row":5,"col":5},{"letter":"W","set":5,"row":3,"col":2},{"letter":"L","set":8,"row":5,"col":7},{"letter":"E","set":3,"row":3,"col":7},{"letter":"A","set":2,"row":1,"col":3},{"letter":"R","set":7,"row":5,"col":1},{"letter":"A","set":5,"row":2,"col":2},{"letter":"S","set":8,"row":4,"col":6},{"letter":"M","set":3,"row":3,"col":6},{"letter":"E","set":1,"row":4,"col":4}]}