{
  "frames": [
    {
      "frame": {
        "x": 1,
        "y": 1,
        "w": 289,
        "h": 500
      },
      "rotated": false,
      "trimmed": true,
      "spriteSourceSize": {
        "x": 0,
        "y": 0,
        "w": 289,
        "h": 500
      },
      "sourceSize": {
        "w": 290,
        "h": 500
      },
      "pivot": {
        "x": 0.5,
        "y": 0.5
      },
      "filename": "Idle__000.png"
    },
    {
      "frame": {
        "x": 1,
        "y": 503,
        "w": 288,
        "h": 499
      },
      "rotated": false,
      "trimmed": true,
      "spriteSourceSize": {
        "x": 1,
        "y": 1,
        "w": 288,
        "h": 499
      },
      "sourceSize": {
        "w": 290,
        "h": 500
      },
      "pivot": {
        "x": 0.5,
        "y": 0.5
      },
      "filename": "Idle__001.png"
    },
    {
      "frame": {
        "x": 292,
        "y": 1,
        "w": 288,
        "h": 499
      },
      "rotated": false,
      "trimmed": true,
      "spriteSourceSize": {
        "x": 1,
        "y": 1,
        "w": 288,
        "h": 499
      },
      "sourceSize": {
        "w": 290,
        "h": 500
      },
      "pivot": {
        "x": 0.5,
        "y": 0.5
      },
      "filename": "Idle__009.png"
    },
    {
      "frame": {
        "x": 1,
        "y": 1004,
        "w": 286,
        "h": 499
      },
      "rotated": false,
      "trimmed": true,
      "spriteSourceSize": {
        "x": 3,
        "y": 1,
        "w": 286,
        "h": 499
      },
      "sourceSize": {
        "w": 290,
        "h": 500
      },
      "pivot": {
        "x": 0.5,
        "y": 0.5
      },
      "filename": "Idle__002.png"
    },
    {
      "frame": {
        "x": 291,
        "y": 503,
        "w": 286,
        "h": 499
      },
      "rotated": false,
      "trimmed": true,
      "spriteSourceSize": {
        "x": 3,
        "y": 1,
        "w": 286,
        "h": 499
      },
      "sourceSize": {
        "w": 290,
        "h": 500
      },
      "pivot": {
        "x": 0.5,
        "y": 0.5
      },
      "filename": "Idle__008.png"
    },
    {
      "frame": {
        "x": 582,
        "y": 1,
        "w": 285,
        "h": 498
      },
      "rotated": false,
      "trimmed": true,
      "spriteSourceSize": {
        "x": 4,
        "y": 2,
        "w": 285,
        "h": 498
      },
      "sourceSize": {
        "w": 290,
        "h": 500
      },
      "pivot": {
        "x": 0.5,
        "y": 0.5
      },
      "filename": "Idle__003.png"
    },
    {
      "frame": {
        "x": 1,
        "y": 1505,
        "w": 285,
        "h": 498
      },
      "rotated": false,
      "trimmed": true,
      "spriteSourceSize": {
        "x": 4,
        "y": 2,
        "w": 285,
        "h": 498
      },
      "sourceSize": {
        "w": 290,
        "h": 500
      },
      "pivot": {
        "x": 0.5,
        "y": 0.5
      },
      "filename": "Idle__007.png"
    },
    {
      "frame": {
        "x": 289,
        "y": 1004,
        "w": 284,
        "h": 497
      },
      "rotated": false,
      "trimmed": true,
      "spriteSourceSize": {
        "x": 5,
        "y": 3,
        "w": 284,
        "h": 497
      },
      "sourceSize": {
        "w": 290,
        "h": 500
      },
      "pivot": {
        "x": 0.5,
        "y": 0.5
      },
      "filename": "Idle__004.png"
    },
    {
      "frame": {
        "x": 579,
        "y": 502,
        "w": 284,
        "h": 497
      },
      "rotated": false,
      "trimmed": true,
      "spriteSourceSize": {
        "x": 5,
        "y": 3,
        "w": 284,
        "h": 497
      },
      "sourceSize": {
        "w": 290,
        "h": 500
      },
      "pivot": {
        "x": 0.5,
        "y": 0.5
      },
      "filename": "Idle__006.png"
    },
    {
      "frame": {
        "x": 869,
        "y": 1,
        "w": 283,
        "h": 496
      },
      "rotated": false,
      "trimmed": true,
      "spriteSourceSize": {
        "x": 6,
        "y": 4,
        "w": 283,
        "h": 496
      },
      "sourceSize": {
        "w": 290,
        "h": 500
      },
      "pivot": {
        "x": 0.5,
        "y": 0.5
      },
      "filename": "Idle__005.png"
    }
  ],
  "meta": {
    "app": "http://free-tex-packer.com/",
    "version": "0.2.4",
    "image": "ninjaGirlIdle.png",
    "format": "RGBA8888",
    "size": {
      "w": 1153,
      "h": 2004
    },
    "scale": 1
  }
}